1,359B26478
2,8734B9265
5,4B5963728
6,83B975426
3,3594B6728
6,359B26478
2,758B93624
2,B38495627
2,4B5963728
1,4B3958627
2,B45923678
5,3594B6728
2,359B26478
2,465938B72
4,873495B26
5,83594B276
4,9B6358247
3,38B495627
5,783925B64
3,835B74926
4,6759B8243
3,945623B78
2,8359742B6
5,B45923678
6,98B435267
5,6B5478923
3,8359742B6
3,43895B627
2,465938B72
1,938465B27
4,39B256478
2,945623B78
3,6759B8243
3,7839256B4
1,65847392B
3,45392867B
2,4659387B2
6,B38495627
5,945B63728
5,8B5937426
3,83597B426
6,98543726B
5,359B26478
5,873495B26
2,73984B265
4,83594B276
3,65847B923
6,83B725964
6,3859B7462
6,8734B9265
1,B38495627
6,945B63728
1,38596B427
6,B73849265
2,39B256478
4,8357B4926
1,83594B276
1,4B3958627
2,83594627B
1,9384B5267
1,4B3958627
2,45B923678
4,938465B27
2,938465B27
6,38B495627
6,3594B6728
5,6759482B3
4,8357B4926
5,758B93624
5,758B93624
6,B83725964
6,87349526B
1,73984B265
1,B85937426
3,6B5478923
5,465938B72
4,83594B276
1,359426B78
2,78395B624
6,783925B64
